amargor_IBU,alcohol_ABV,color_SRM,densidad_original,lupulo_aroma,levadura,tiempo_fermentacion_dias,carbonatacion_vol,es_premium
31.74542269,3.747606556,14.87183661,1.044901523,medio,BE256,10.72927041,1.985522484,0
48.10690752,6.70459859,7.947214542,1.07026486,medio,BE256,26.61971471,1.860535578,1
39.61668894,5.88688739,7.128324437,1.05731098,medio,BE256,12.35008395,1.73292775,0
57.59093529,4.579238206,9.077901499,1.052243179,bajo,BE256,11.04521001,2.244579294,0
48.15400232,2.395786143,14.71890083,1.054809936,medio,K97,7.491980317,2.309705906,0
34.44078502,5.198948147,10.77643052,1.04881494,bajo,BE256,22.09036092,2.210568892,0
51.57548066,5.436738552,7.875142822,1.053749501,bajo,S04,19.01016292,2.773021739,0
60.52895328,6.881931473,11.9355066,1.069486443,medio,K97,16.86712784,2.768409063,1
57.23148551,6.235782192,5.590831401,1.045245446,alto,US05,15.08968559,2.299559104,0
13.90429332,3.92894632,12.72543804,1.051592605,medio,K97,15.66986036,1.861823666,0
34.56338588,5.680216105,11.63442923,1.045041517,medio,US05,18.76434342,2.229988468,0
56.68545601,6.977131938,8.768766115,1.053316373,bajo,US05,17.36901207,2.220053582,1
69.2125005,6.000697768,6.645656806,1.057940883,bajo,S04,15.43333272,2.202859511,1
57.41240181,5.319651826,6.453276311,1.051486221,bajo,BE256,11.80837878,2.190684329,0
32.98448198,4.495820169,12.13926935,1.044053838,medio,BE256,8.656550383,2.203961131,0
45.19755823,4.918477327,14.91592201,1.055269929,bajo,K97,16.89654624,2.284037515,0
39.29619132,5.347676484,7.450769012,1.052860031,bajo,BE256,19.1630337,2.20933767,0
47.15561241,4.512771436,11.83354681,1.046476358,alto,S04,24.35163589,2.462496753,0
41.15232837,4.324291921,2,1.042312076,bajo,K97,9.20109894,2.508110615,0
20.75511664,5.034152417,7.661529077,1.049275477,medio,K97,16.79567874,2.126806474,0
54.94400229,3.912754061,9.875764269,1.047770281,medio,K97,12.36079502,2.781319598,0
32.59365125,3.914174871,6.361266332,1.050565702,medio,BE256,17.13343484,2.105981309,0
16.65127152,5.679373283,6.253974501,1.048184417,medio,BE256,8.118041795,1.914659816,0
33.57827259,3.851205965,7.328881774,1.039962716,medio,BE256,8.948920897,2.514233421,0
62.51139686,5.666312501,11.16877091,1.048058265,bajo,K97,10.89650071,2.15477756,0
52.75332613,5.462591293,9.250683926,1.048471904,alto,K97,14.31585618,2.496387441,0
34.77021798,3.274193271,2,1.053168305,alto,US05,11.43567493,1.67889942,0
34.76113444,4.322435348,2,1.046509002,bajo,US05,16.63621738,2.817736782,0
35.17547423,6.194109403,7.572539289,1.058393373,bajo,BE256,18.10757847,2.601688022,0
71.15121975,4.018834469,11.83074634,1.040441797,alto,K97,16.39831016,1.949857035,0
45.72903178,4.535595738,2,1.056555837,medio,BE256,20.47515056,1.956366863,0
46.45062471,5.462060893,8.001079295,1.048878405,medio,BE256,15.66330652,2.901679771,0
55.45425181,5.783390509,7.895008574,1.054297924,medio,US05,9.132413159,2.178786029,0
43.77677995,7.201159656,15.55335111,1.063324636,bajo,S04,14.19974601,2.149744545,1
85.30712453,7.283287872,8.459912753,1.055377179,medio,BE256,12.22558295,1.720184372,1
37.05475226,6.422369862,11.53195594,1.04806319,medio,S04,17.641674,2.294766538,0
38.92598111,6.738899664,10.56502856,1.044506898,bajo,S04,20.29493687,2.331684116,0
39.44166645,5.978858051,2,1.057102521,medio,K97,15.82675204,2.614647929,0
50.91444315,5.085318143,13.07282887,1.049432597,alto,K97,8.015364747,1.980276472,0
40.77918829,4.191734278,10.86158602,1.051107792,medio,BE256,10.32715133,1.943913962,0
50.98960116,4.169555593,12.03307456,1.05617376,bajo,US05,19.29097787,2.53528879,0
38.7892513,5.522514105,25.70495083,1.044840224,medio,US05,13.32350926,2.702019021,0
41.17952785,5.418398221,2,1.052977454,alto,BE256,14.31829414,1.928654295,0
57.14491983,6.322255029,16.8987866,1.059759557,alto,BE256,23.09028065,2.724454226,1
53.74491512,5.650450093,8.850209922,1.049339153,medio,US05,16.78529145,2.411262552,0
45.19732714,3.496919698,11.14931562,1.050361395,bajo,S04,15.11519925,2.727541602,0
54.97015165,6.051947618,9.817951019,1.042498891,alto,BE256,13.16532652,2.378933892,0
0,4.001939373,8.303054666,1.046105815,medio,S04,12.74932622,1.643316625,0
71.32562057,4.616028728,7.720668287,1.056755364,bajo,BE256,17.4315953,2.354409785,0
37.90615558,5.250200206,11.31803494,1.054430956,medio,BE256,16.21427812,2.718043146,0
50.24036146,7.409818657,3.931305213,1.057491079,medio,S04,20.3094541,2.131876194,1
24.40141109,8.109918556,13.00231667,1.051215617,medio,S04,18.32844925,2.283610509,0
51.11409114,7.672573701,8.33522238,1.061614873,bajo,US05,23.62773898,2.347159949,1
47.04013845,8.899881935,5.479722644,1.05969498,medio,BE256,16.06352602,1.530145836,1
30.64346559,5.534505648,8.199948568,1.048998237,alto,K97,10.9641172,2.901404273,0
47.53574825,6.025470695,15.02859687,1.057331998,alto,K97,17.84502842,2.129587296,1
37.13976399,4.679332374,7.858659652,1.055730151,alto,BE256,12.91035993,2.55172063,0
43.2614931,6.795211356,11.43381447,1.046113143,alto,BE256,18.93489711,2.373989659,0
53.05101596,5.230070759,7.076174897,1.057793946,bajo,BE256,10.77961928,2.777285717,0
47.43522832,5.497743089,13.0316874,1.042347693,medio,S04,14.75390304,2.521816837,0
42.25628358,5.665924252,12.74203096,1.058148211,medio,K97,11.37324262,2.329522719,0
45.47441504,5.421586611,17.39443533,1.048136622,alto,K97,12.95876383,2.131945472,0
67.51375781,7.331980331,9.297744218,1.056022215,bajo,K97,27.55348797,2.63935521,1
39.13571804,4.382746813,12.67461922,1.040549949,alto,BE256,13.11784708,1.837967609,0
43.0164857,4.441698246,10.39227016,1.047726026,medio,S04,13.22517848,2.593767126,0
55.75981594,3.899845767,15.18348713,1.044800967,alto,BE256,16.16115178,2.070286575,0
56.58288899,5.439501231,7.12467045,1.046961768,bajo,US05,14.89312365,2.775685099,0
57.80545458,5.778936504,12.98002125,1.049313445,bajo,US05,9.2064315,2.448389863,0
49.58095333,5.457772866,9.221210816,1.054788958,alto,K97,18.33679298,2.59323713,0
68.55898003,7.615367484,9.743247292,1.068145832,bajo,BE256,16.7857427,2.424596644,1
64.50147298,4.994403981,10.36700994,1.051538383,alto,US05,14.79357407,1.874286871,0
22.8048191,5.668741656,11.00896159,1.044522403,bajo,US05,13.96327059,2.141781251,0
44.53953198,3.908299124,9.535083828,1.04559623,medio,BE256,11.92897021,2.601716801,0
28.68586225,4.612900298,10.85885273,1.058993625,medio,S04,14.87120936,2.449996745,0
39.0379248,5.695537758,16.31247223,1.046323995,medio,BE256,15.90235374,2.754296972,0
44.93143615,5.849102111,13.94179874,1.058281041,medio,BE256,7.012417235,2.520982369,0
44.82035823,4.706033052,13.47661837,1.048784694,medio,S04,11.84495665,2.109989433,0
46.32881131,4.928400748,8.177841896,1.05001144,bajo,K97,12.98021212,2.161180759,0
64.20566904,3.482126253,6.443036687,1.055351826,bajo,K97,15.02468242,2.430875217,0
46.80301452,4.642970799,13.82120223,1.056359462,medio,K97,18.77324402,1.70578678,0
50.22245838,7.799941902,13.50418717,1.070479218,medio,S04,19.16378946,2.902032566,1
54.46130752,5.575205016,15.8906827,1.048058785,alto,US05,12.00815261,2.532524021,0
57.84205733,5.500665721,7.584077496,1.049720398,medio,S04,11.94986356,2.768110379,0
21.58588277,5.049773687,9.081805379,1.051689788,medio,BE256,10.79388964,1.925818818,0
48.96100105,5.007063159,3.44206335,1.054456518,medio,S04,12.61125402,2.773369548,0
50.51759113,4.339678861,8.430115576,1.050021149,bajo,US05,17.08320888,3.069449673,0
35.53654745,5.69882842,13.98628204,1.053094431,medio,US05,9.784658019,2.003736493,0
60.6356022,5.420972944,8.134018483,1.058191799,alto,BE256,15.71125758,2.631420538,0
67.94706267,7.070052163,12.56191918,1.064397085,alto,K97,18.00647613,2.400332983,1
41.8836468,4.473965157,9.237987576,1.051558264,medio,US05,11.75464801,1.936669846,0
37.40392264,2.84665708,11.29622811,1.042405446,medio,US05,12.6820428,2.547865192,0
40.23368571,6.097152712,5.409234441,1.036846349,alto,US05,20.69943869,2.650080961,0
23.5558737,4.521162544,10.3408378,1.051941879,medio,BE256,12.90079078,2.219662034,0
18.39923676,4.137224236,2,1.049525879,bajo,US05,5.195026106,2.749774956,0
63.91757595,5.693478912,9.252415367,1.047426087,bajo,K97,6.004444373,1.899970978,0
27.29557978,4.60798736,3.478107025,1.051217651,medio,BE256,14.13611835,1.951573156,0
25.12911476,6.059936384,14.82397807,1.049697981,alto,K97,16.45508342,2.440979219,0
7.699148296,5.61700595,13.10962941,1.055638901,medio,US05,15.50182343,2.407615583,0
30.41557378,5.683569323,11.86668393,1.050430554,bajo,US05,14.67028042,2.185027953,0
20.1536531,3.634044289,16.08402491,1.046265384,bajo,K97,18.64903839,2.642878331,0
64.6302274,6.211943985,6.204333917,1.054950831,alto,BE256,11.84163512,2.559268294,0
55.14725634,5.261250531,16.98945279,1.048914345,alto,BE256,17.57964222,2.657441721,0
29.67774482,4.630722861,13.72876626,1.052632683,medio,K97,7.47194046,2.363059069,0
73.78653708,5.143388467,9.053778851,1.047612946,medio,US05,10.38020867,2.58077408,0
65.91678214,8.612278258,14.54248059,1.05943436,bajo,S04,15.33831081,2.266304909,1
35.12752925,5.408652811,5.57482595,1.050420841,alto,K97,12.9006188,3.016145607,0
2.508914277,3.970628492,6.701943354,1.050064143,alto,K97,13.81495513,2.156236269,0
74.36413859,3.647329714,7.565641107,1.052399135,bajo,K97,14.45640597,3.031589229,0
19.156413,3.477640814,7.884089168,1.048656771,alto,US05,14.24753341,2.410466384,0
15.3190188,6.112688375,5.773769429,1.040818201,bajo,BE256,10.28978668,1.987346733,0
55.33855648,4.370736606,14.89233227,1.047836131,bajo,US05,13.23903662,2.810423805,0
76.5962861,6.53372771,8.964582399,1.053969092,bajo,K97,8.010213326,2.437770417,0
29.42813197,9.170942717,11.41001987,1.061145373,bajo,US05,13.26777526,2.65533723,1
48.4586368,3.292642042,7.718594534,1.048768083,medio,US05,12.78549571,2.767156776,0
48.92131512,3.88347556,2.717586798,1.054931883,medio,K97,12.04445552,2.501386666,0
54.72729774,7.551485376,11.08022943,1.064520088,medio,US05,21.18680771,2.222327747,1
51.38392885,4.844101822,2.350980098,1.042285984,medio,S04,9.031013866,2.692714013,0
44.21787136,4.451712704,9.725463816,1.049196844,bajo,US05,9.497651544,2.400226652,0
64.90391061,6.377350638,4.526739845,1.061603929,bajo,US05,20.58235085,2.605757346,1
39.06110308,5.501782736,17.949104,1.045168768,medio,BE256,13.72851447,1.753880828,0
28.69053117,6.117398816,13.64545089,1.049123108,medio,BE256,15.72652652,2.534094515,0
26.83297036,5.679977489,10.42301517,1.061434779,bajo,K97,21.13051931,2.208424252,1
14.60564779,4.640231354,15.05482671,1.049953557,alto,K97,24.28798127,2.895992891,0
38.5249056,3.673952314,6.61473609,1.051534905,alto,BE256,5.002270183,2.586926204,0
25.17113339,4.586534839,12.17391751,1.059067038,alto,S04,16.43494236,2.471957324,0
23.44616024,5.260280507,10.79924173,1.048285606,medio,US05,11.77147771,2.545892998,0
42.69841227,4.036241074,11.05608033,1.051391743,bajo,S04,11.6543394,2.100467744,0
53.77068129,6.916894427,15.089414,1.066656695,medio,S04,19.16625471,2.886977007,1
53.77474909,5.343787882,12.92996841,1.045768201,bajo,BE256,10.36492132,2.997411126,0
16.44249095,4.951347648,11.15489465,1.047075462,medio,K97,20.73809934,2.517874053,0
25.15557795,5.032796995,3.380450255,1.047606207,bajo,US05,17.36918931,2.877121071,0
54.11156782,4.241504665,6.159814819,1.051797379,alto,K97,14.09278391,2.22925554,0
25.2626891,4.769599286,9.509164266,1.061745379,bajo,S04,19.40406301,2.16086593,0
36.63050275,4.075766856,10.3734895,1.046419783,alto,S04,7.949884139,2.412277425,0
72.45503725,7.31917451,5.479185101,1.06619792,alto,K97,9.638788405,2.530482312,1
25.47483318,6.035249335,19.6467067,1.049684385,medio,K97,5.288129071,2.281803996,0
41.58063259,3.153812138,16.06557622,1.051978994,alto,BE256,11.20234184,2.561330457,0
19.98961758,4.07048914,12.40847328,1.051317754,medio,K97,14.64679411,2.491916845,0
30.97948534,3.503470745,10.28814745,1.056420479,alto,K97,14.41143431,2.100507967,0
65.00493158,7.671340076,9.15116412,1.052602779,medio,BE256,19.05707309,2.555637905,1
75.56309916,7.213196628,6.19232616,1.066296166,alto,K97,17.39953219,2.659058473,1
46.60712107,3.55035478,10.30992207,1.047520609,medio,S04,17.21261897,2.451440795,0
39.70543302,4.078140187,11.03101016,1.055486501,alto,K97,14.95851007,2.745794431,0
48.28734932,3.996042628,5.032957698,1.04217176,medio,US05,16.93221713,2.034778862,0
43.35871201,5.207267329,11.33670567,1.034961838,medio,S04,6.42895129,2.540385127,0
60.46210645,5.069344337,9.378963805,1.052855897,alto,BE256,15.24596344,2.048915788,0
41.87836754,4.278262447,2.368769768,1.051218286,alto,S04,9.24893904,2.065775593,0
33.55891688,5.176820872,6.558459957,1.044548958,medio,BE256,12.41070699,2.21072075,0
41.83446255,4.453319915,8.345577866,1.045072302,bajo,US05,16.13745959,2.117381945,0
48.14947044,4.72834489,17.55075063,1.045151281,medio,US05,14.36437443,2.235601254,0
66.20152355,5.196860324,12.2262125,1.06391065,alto,S04,16.94901301,2.335754907,1
40.60887537,6.340461052,4.658073724,1.046868424,alto,K97,14.02509262,2.651146346,0
29.47012468,3.700418763,11.94414516,1.05247032,alto,S04,7.873858739,2.303652288,0
30.05648624,5.829732418,3.810784044,1.035726867,bajo,S04,18.60106958,1.924312288,0
33.31919627,5.418809298,14.33076422,1.053252119,medio,US05,23.70922146,2.742020354,1
66.24365115,3.851736711,8.115501393,1.04436973,medio,BE256,18.47419978,2.14887296,0
21.34205147,5.818777644,9.625455245,1.048718297,alto,S04,11.89387325,2.382383872,0
29.60642203,6.537931918,15.30318659,1.047309761,bajo,K97,11.90569605,2.533960952,0
29.22389102,3.877455194,4.851345726,1.053989219,alto,US05,10.94325285,2.459883126,0
53.42386565,4.082497179,4.41152726,1.040703316,medio,S04,17.50469573,2.728253864,0
35.57575483,6.017661467,7.665602695,1.050227457,bajo,S04,11.16227537,2.543700943,0
58.71613109,5.271495311,14.1535154,1.052791682,medio,K97,16.57838173,2.141607126,0
29.89764064,5.551476275,3.922615698,1.059283237,bajo,S04,12.47019041,3.053568652,0
44.18491243,5.340589216,2,1.04759117,medio,S04,6.0961468,2.458300039,0
27.4697942,5.390695921,8.195364566,1.051622293,bajo,S04,11.71874373,2.355797932,0
63.35826036,6.012820473,12.2069632,1.064473236,bajo,S04,16.88197015,2.689177627,1
22.18602371,6.047317707,14.801047,1.038040219,alto,K97,14.13561089,2.474835284,0
44.64731065,6.169589992,8.147354552,1.054223872,bajo,S04,9.238369057,2.519768458,0
49.50665321,4.770609256,8.354293572,1.049972199,bajo,S04,17.7039004,3.1476552,0
46.20698646,4.95652305,14.61560294,1.055892563,medio,S04,13.63569656,2.317463572,0
37.22068512,3.468892497,2.521033201,1.043132986,medio,US05,13.28961602,2.304671732,0
38.0526895,5.514254756,8.445916899,1.052599511,alto,K97,16.62356855,2.434973554,0
40.65717208,5.572057442,10.76169556,1.059344089,medio,US05,17.85562774,2.721454781,0
37.79496998,4.937808983,11.79687489,1.052098528,alto,US05,13.91960499,1.948039791,0
54.45818675,6.12435336,7.960773227,1.051382908,medio,K97,10.9151988,1.810333233,0
73.15784502,4.665922769,10.13776405,1.05004278,bajo,US05,6.904121536,2.223865419,0
31.63762322,5.564605926,2,1.042145593,bajo,US05,11.25580097,1.909823112,0
19.45295531,3.980335661,7.367006351,1.056777865,medio,US05,11.53115101,2.272550596,0
57.62988152,7.953136634,11.81403485,1.05882015,medio,K97,20.35142355,2.550749909,1
78.69564006,4.825645742,6.070823863,1.052522416,alto,S04,12.61941248,2.132775341,0
27.94488148,5.225307922,10.23593689,1.042184828,medio,BE256,16.75173189,1.971952027,0
64.58675208,4.630473071,11.78749,1.044102702,medio,BE256,11.54806691,2.420801149,0
72.34755876,5.856273793,8.629803197,1.058304389,bajo,K97,16.12601555,2.658763045,1
61.09976951,7.108559706,10.68185508,1.061850306,bajo,BE256,14.96493897,1.891507968,1
48.53474619,4.563235763,6.149069739,1.057266377,medio,K97,15.36730086,2.646069719,0
64.42594935,3.393422899,9.173554881,1.049608847,medio,K97,13.75984983,2.645191861,0
34.31308389,6.749583904,12.44086468,1.040790511,medio,BE256,11.59222223,2.686225531,0
36.9462946,6.381454079,10.62789184,1.054460338,bajo,US05,11.46707441,2.765544064,0
31.27478629,3.707737305,7.653874922,1.047050538,medio,S04,10.59754699,3.060604177,0
24.77864904,5.689707805,10.89686562,1.053493444,alto,BE256,11.83597254,2.293172385,0
30.26083682,4.497025229,12.85843916,1.050126054,bajo,BE256,17.02266335,2.432871474,0
55.90914645,5.972324859,2,1.054429768,medio,BE256,20.12390265,2.27506847,1
19.54670036,8.265707841,14.63629626,1.061293306,alto,BE256,9.287154721,2.400593053,1
28.45040153,4.7655922,8.654981045,1.060981116,medio,K97,21.07267717,2.859862007,0
43.50678868,4.216234334,11.70195973,1.052464932,medio,K97,15.27986076,1.996495655,0
16.66156531,4.309458948,14.78898769,1.049712411,bajo,S04,8.372226398,2.141685098,0
44.96320348,4.083808085,4.513305211,1.055376717,medio,S04,12.23260429,2.813154281,0
76.89847544,8.775310893,7.16223599,1.062753988,bajo,BE256,28.19603883,2.706010952,1
55.96666964,5.806363168,8.845805216,1.062223869,alto,BE256,20.12410438,2.291060506,1
45.61084855,4.284240011,6.864985916,1.044541874,alto,BE256,9.567550167,2.6563206,0
58.41503489,5.682052066,16.9397463,1.05116924,alto,S04,17.90416288,2.502364753,0
21.85538472,6.487246155,6.572911625,1.055177217,alto,BE256,19.59794571,2.850082383,0
65.0885858,4.419946759,7.777812882,1.045819689,medio,US05,11.48538278,2.422352878,0
59.63812369,6.749953485,10.81755613,1.049567612,medio,S04,21.79525239,2.707689634,1
29.42482216,5.49968511,5.191401896,1.04954147,alto,US05,9.854763011,3.192603573,0
39.16346384,5.472002271,8.417277153,1.045561152,alto,BE256,13.18615544,2.579429747,0
48.37490369,5.075955268,11.26981305,1.05498816,medio,K97,13.8536401,2.41479845,0
41.14008087,5.742682418,8.668558382,1.048566029,alto,US05,16.63859999,2.616734096,0
48.08133989,5.482248953,9.626452564,1.053797574,medio,S04,18.36073388,2.290415743,0
26.1898961,3.762337578,7.88267155,1.048541207,medio,US05,11.00761574,3.116390312,0
42.54041236,5.869156064,3.942118763,1.049700869,medio,S04,6.130699743,2.454021311,0
18.79428255,5.887290837,11.28637285,1.052467801,bajo,BE256,13.91502088,2.318120004,0
38.33160908,4.236713896,17.01973229,1.051454485,bajo,US05,15.17415012,2.149293298,0
26.44138538,5.037937835,10.07360652,1.040022341,bajo,K97,14.99767075,2.729166057,0
28.96705086,5.683328993,10.90105647,1.044393781,medio,US05,12.69330701,2.660156224,0
58.54139763,4.79068618,12.77089102,1.05464705,medio,K97,14.4990084,2.250793689,0
56.36965181,6.072978048,4.922678014,1.049339317,medio,S04,20.06177923,2.572935404,0
49.13707181,7.363872495,16.81005863,1.047381343,alto,BE256,15.52693668,1.94743321,0
23.61530853,4.214013967,10.80931519,1.04320713,medio,BE256,12.5065263,2.455491173,0
54.42838701,7.779660532,16.5274276,1.064100791,medio,K97,18.93147235,2.535826906,1
58.1964655,5.303818596,7.067868018,1.039891007,bajo,S04,13.32059057,2.912198943,0
42.1257537,5.721562505,17.27224769,1.049493596,bajo,BE256,20.54695985,2.168754359,0
74.7899431,4.769133626,13.10062198,1.047007812,alto,S04,13.26679716,2.016494211,0
45.89976759,6.453260663,12.21216034,1.045167061,medio,K97,13.92082262,2.131371612,0
42.88073675,3.6613942,10.93609782,1.049659383,alto,K97,12.07074572,1.99902945,0
35.36325304,5.692918623,9.005885528,1.051819853,bajo,US05,18.39593343,2.800997207,0
70.82508096,7.964851633,14.80212663,1.054402269,medio,BE256,21.97512886,2.864591789,1
37.71295245,6.719377906,10.56143948,1.042440583,bajo,BE256,15.8024522,2.496064973,0
52.13219601,5.765651128,2.131721186,1.060893474,bajo,US05,14.59045294,2.766388484,1
54.35053475,4.233343412,5.531254153,1.054865508,bajo,K97,14.14713133,2.440187514,0
28.21015809,4.450442864,9.256616991,1.046104536,bajo,K97,5,2.371466506,0
20.0315057,5.859587887,11.23999593,1.05101618,medio,K97,16.98060346,2.300088714,0
12.4569194,4.61286935,9.773646044,1.047711834,bajo,K97,14.53666566,2.306882703,0
47.6198699,4.954588782,14.87588316,1.050928443,alto,S04,15.7133682,1.935659533,0
23.44950091,5.025388421,2.195592544,1.057545655,medio,BE256,11.15415122,2.479276429,0
7.706641106,3.080326844,10.57435175,1.053028031,bajo,BE256,12.46217248,2.387899827,0
45.82867907,4.986162254,2.728083098,1.052543042,bajo,K97,12.35590025,2.623608217,0
77.39499276,4.310272226,13.03884918,1.047848453,medio,K97,18.08649194,2.428057049,0
39.90893633,4.506877178,9.622165142,1.042579717,bajo,K97,12.48496065,2.35118889,0
52.57736162,6.443632003,11.67843989,1.048957659,alto,BE256,22.33064129,2.138642091,0
68.89651887,6.911637041,6.544468158,1.064360985,alto,BE256,13.74311997,2.421645971,1
55.35680341,6.62998897,15.11785973,1.058424566,bajo,K97,17.96062077,2.621471169,1
64.89199533,6.741203937,14.16689866,1.05714127,medio,S04,11.24597925,2.056998303,1
35.64588184,4.720239832,12.33417721,1.050631339,bajo,US05,11.39329951,2.426242126,0
44.01088471,5.790371896,9.481931013,1.045076726,medio,US05,5.222470121,2.469912885,0
57.22646795,6.704519682,12.31942914,1.058886396,medio,US05,20.41516208,2.184580565,1
29.9786432,5.570612997,7.172429728,1.047882007,bajo,BE256,16.81257017,2.223643109,0
75.73513839,6.66618051,13.42222264,1.067263084,bajo,BE256,13.92894276,2.469183255,1
49.43484464,8.173124638,16.59792358,1.055418395,medio,US05,13.89038579,2.059973695,1
38.87308055,7.369642192,14.28244224,1.055815396,medio,US05,16.50692702,2.504977115,1
48.04764765,3.914849473,7.081590121,1.043463151,bajo,S04,12.06553144,2.131393688,0
26.52298027,4.17458947,11.44566927,1.042010639,medio,BE256,17.3671231,2.718856108,0
40.79355971,5.429123848,4.827433825,1.057377165,medio,BE256,16.01387306,3.101348324,1
39.86321505,6.244679581,12.28956124,1.053659778,alto,US05,5,2.141772959,0
56.28843349,3.648925634,11.80241365,1.049015391,bajo,S04,13.09157597,2.560262359,0
47.12047349,3.677542043,2.520734642,1.047677095,alto,S04,13.43296978,2.181977429,0
63.16526201,8.732514999,5.352864624,1.052820452,medio,US05,15.92698944,2.712286252,1
52.26649449,5.547264797,8.867444413,1.041271463,bajo,US05,16.91407457,2.020422477,0
60.85311324,5.548883835,8.796561011,1.052473528,medio,BE256,16.55042325,2.544176028,0
48.3671546,4.745044206,5.162092258,1.051917175,medio,US05,15.03507922,2.13810331,0
40.1552893,4.87454574,11.55591492,1.047953458,alto,K97,18.78212555,2.337904623,0
76.54952823,6.4573262,11.00589444,1.059209231,bajo,S04,18.84558627,2.090692417,1
24.02329505,5.085893006,9.222923472,1.04436252,medio,US05,16.01832726,2.646705141,0
35.42162943,2.780699627,6.976833999,1.055639545,medio,K97,16.50615345,2.148905894,0
54.54581682,6.831856181,14.19482851,1.059092755,alto,S04,23.40445636,2.565589278,1
37.19543046,4.148593566,16.62162845,1.048317237,medio,K97,7.988517565,2.296770592,0
40.84974887,5.175211419,8.065754065,1.049900632,alto,K97,11.01623149,2.365658288,0
47.94539132,7.985259003,7.551332331,1.049463676,alto,US05,11.35383423,2.444326772,0
38.94251833,5.367481665,11.96483066,1.056101414,bajo,S04,17.01367785,2.171452599,0
47.29752466,4.686470314,8.567882481,1.044616604,alto,K97,11.54184487,2.463110134,0
40.96711622,5.921801502,9.442411197,1.046187404,alto,BE256,10.57460593,2.859100369,0
10.3680015,5.482687887,12.95861261,1.055181514,bajo,S04,11.55346505,2.166571564,0
60.276509,4.469712477,2.36257565,1.062484368,medio,BE256,16.20582865,2.751543043,1
65.21372558,6.713995778,15.2732093,1.065348857,medio,US05,18.95421982,2.84942929,1
21.85457886,7.056543565,10.2907221,1.05849718,bajo,BE256,13.2829959,2.155153503,0
48.99893095,3.869111565,8.354027422,1.047991025,bajo,S04,13.55997801,1.963483618,0
62.96126249,5.473632077,9.643063383,1.053406812,bajo,K97,19.16824134,2.49058827,0
58.28142778,4.07361887,9.84971742,1.044231539,bajo,K97,11.00331309,2.235777743,0
36.79835694,5.555512646,3.075194786,1.053773666,medio,S04,19.26203316,2.960580966,0
62.36089205,4.081313489,15.97975291,1.05099712,bajo,K97,14.8419852,2.410442262,0
75.43733456,9.644343347,10.16530253,1.063965878,alto,BE256,16.16094154,2.159340178,1
34.94371043,4.704910086,11.77200852,1.04677214,alto,K97,24.00360199,2.055852147,0
30.79896005,5.975816719,13.80619908,1.041694583,bajo,K97,9.777442041,2.726971488,0
35.4629547,5.918454444,5.91535017,1.05251626,medio,BE256,12.58525696,2.228644808,0
34.17734772,3.754282624,11.8938876,1.039682984,medio,BE256,9.070275043,2.41314864,0
42.55624334,5.054934111,8.929435636,1.048413248,alto,BE256,17.80984788,2.686740824,0
42.40860972,4.290420145,13.3870831,1.054705909,bajo,US05,20.75675573,2.254722494,0
40.0456903,3.741495089,2,1.050959489,bajo,BE256,20.67969113,2.386221351,0
46.55407255,4.78298295,9.603622799,1.059741713,alto,BE256,18.89579501,2.395029477,0
57.85969412,4.691517212,7.588717377,1.055125546,alto,US05,13.20951813,2.604997353,0
54.24331203,7.426716486,11.7290518,1.046730508,alto,K97,12.53903609,2.577223301,0
17.72653047,5.432959825,11.88017675,1.050136567,alto,BE256,7.31532091,2.333965881,0
62.80150147,7.377100394,7.169496421,1.049114675,bajo,S04,15.04091534,2.419094718,1
54.01479867,4.435225996,7.151304543,1.042089116,medio,BE256,15.87591231,2.288466297,0
19.49681952,6.021383295,9.557338526,1.045298005,bajo,BE256,12.03217238,1.956716278,0
36.62851897,7.088442773,6.413431091,1.047196195,bajo,US05,19.31222756,2.477280257,0
22.44830461,3.414016688,13.36793478,1.039818897,alto,S04,10.10894193,2.967657528,0
12.97029344,3.120075615,8.523171198,1.050237467,bajo,K97,15.62648814,2.134884258,0
48.12194092,6.870965175,2,1.048754641,medio,K97,13.30948346,2.168091087,0
51.3873274,5.389614177,8.500711774,1.04163553,alto,S04,16.55470856,2.138781669,0
31.35234399,4.131707268,5.845824717,1.052021064,bajo,BE256,13.74570584,2.617377534,0
1.134365618,5.534629086,3.474896738,1.053579364,alto,US05,8.196288436,2.534545636,0
31.80633328,2.364252261,5.050293447,1.051135172,alto,S04,14.30230549,2.352438692,0
45.87706008,5.003375507,10.43763389,1.048379659,medio,S04,18.19545657,2.124594282,0
17.81632647,5.327821173,15.31456331,1.052957211,bajo,K97,13.88313438,2.427713037,0
70.50464819,7.223238914,11.2527379,1.059888605,medio,US05,20.01236147,1.930613362,1
39.77035226,3.986104048,7.573986447,1.051537018,medio,S04,9.817882057,2.44302797,0
48.68937249,5.085687161,11.82361678,1.045876939,medio,US05,13.89495683,2.661457316,0
41.79370553,4.074575374,8.163638759,1.051383004,bajo,BE256,11.50195818,2.024640259,0
25.40396589,5.255383756,7.221598523,1.055977403,alto,K97,16.98792336,1.940244517,0
57.94857252,4.104653678,5.382549327,1.047016855,bajo,BE256,14.12596625,2.873831368,0
37.6220564,4.591899161,2.992684773,1.060489697,alto,US05,16.76029471,2.216472108,0
39.59043191,4.004184605,8.440305174,1.047371845,bajo,BE256,18.3508417,2.740784354,0
86.56200953,6.848726716,10.63221396,1.06651754,medio,K97,22.47697967,2.3538007,1
50.59549413,6.80509172,9.61350532,1.063323514,alto,US05,16.82217697,2.351413555,1
26.72795929,4.76537943,8.336132288,1.051116354,bajo,S04,10.00715097,2.53152381,0
37.4058091,5.038237995,6.217015757,1.041288892,bajo,BE256,13.98885556,2.134800343,0
65.6756272,3.551408585,12.43298477,1.047269791,medio,K97,11.86763839,2.439749143,0
19.42148286,4.700323352,4.73147232,1.044539394,alto,S04,12.62374417,2.285553176,0
15.79657903,4.949795383,13.10411166,1.050676692,medio,K97,12.5018634,2.003851967,0
62.06755491,7.620793091,5.991131924,1.054972237,medio,US05,10.0802977,2.501244622,0
36.86014484,3.888032974,6.990259051,1.053230031,bajo,US05,6.170645643,2.321007658,0
29.96390892,6.464177239,4.132859238,1.038141703,alto,BE256,11.32742781,2.352892551,0
55.59857031,5.996858773,7.994391412,1.060210348,alto,K97,14.77351781,2.036951717,0
58.88349856,6.227122332,13.90124983,1.04962206,medio,K97,19.5584181,2.87742011,1
67.3901457,6.758620484,12.06251235,1.046117504,alto,K97,14.06272895,2.663014256,0
50.16888807,5.372105473,13.91368845,1.05078564,medio,US05,21.6010737,2.689246765,0
32.68132888,5.389159196,12.08857018,1.050880949,medio,BE256,18.09222622,2.308366589,0
72.3596232,4.946879347,5.585320686,1.046665756,bajo,K97,20.57416604,1.881245133,0
30.91427615,6.223568882,8.676843103,1.050989583,medio,K97,15.56451151,2.985875215,0
51.13143058,6.096469234,6.879203484,1.046962639,medio,S04,18.67003929,2.381670748,0
44.48938871,4.374322713,15.32229962,1.04797819,bajo,K97,11.10414108,2.175360061,0
59.52611934,3.680752805,5.212845414,1.046568604,medio,BE256,11.42263893,2.525040472,0
63.42266795,4.797019363,13.57479076,1.042836644,alto,S04,5,2.750136236,0
40.48006224,4.199961436,13.57181548,1.050729182,medio,S04,18.7445819,2.393084833,0
28.69873194,4.936475425,17.31848081,1.052926497,medio,S04,20.16129592,2.78357255,0
66.44427329,7.800409525,8.361253629,1.062930829,alto,US05,9.602574942,2.724899982,1
29.83426945,4.542698345,12.84928864,1.054099626,bajo,S04,12.98419317,2.077085644,0
70.20080871,4.957176619,19.12660735,1.051621701,medio,K97,10.98455155,2.197862968,0
42.04802997,5.058022735,7.529433292,1.047336373,alto,US05,15.53061421,2.687261149,0
34.52017673,5.848430882,3.85983901,1.054198319,medio,US05,18.49973018,1.586216231,0
42.77020459,2.753110666,2.479959864,1.043212412,medio,US05,7.028912104,2.355163292,0
19.79310566,4.393299705,12.85084812,1.045496643,bajo,US05,15.63775412,1.97075064,0
25.42578942,5.211283692,2.467399168,1.045179,alto,US05,12.89331291,2.25703386,0
58.00620862,6.200078956,8.510723788,1.05540028,medio,US05,14.45357757,2.310353973,0
30.14658582,4.508097552,11.74925275,1.054713943,alto,US05,15.83597601,2.292526687,0
24.29633526,3.123447294,10.74070215,1.052436526,medio,S04,13.24719024,2.234321624,0
48.04979129,5.619711446,11.70177946,1.055359649,medio,BE256,13.58565259,2.070856905,0
57.78556232,4.364637611,10.88915942,1.045603586,alto,K97,13.14449933,3.08757338,0
50.78429966,3.810333341,15.11546325,1.051742976,medio,K97,17.88126481,2.960238601,0
54.94071529,4.37565461,6.190734477,1.049374128,medio,S04,15.67503984,2.051380254,0
55.36241815,7.213293707,7.292019446,1.062568072,medio,S04,12.90307152,2.874635025,1
18.67284,4.395255335,6.909362219,1.049423879,alto,US05,8.916193116,2.280160353,0
62.52000478,2.794433943,13.32076725,1.048075286,medio,BE256,12.48568103,2.438756242,0
35.15980242,5.897066197,13.60159435,1.052704543,medio,US05,17.59467664,2.381017812,0
36.23750475,6.274875041,11.80490128,1.054380846,bajo,S04,14.15078629,2.202075408,0
59.92291213,5.651521991,14.73397467,1.046658274,alto,US05,16.63812588,2.695155703,0
48.34345014,3.86231433,5.28783653,1.049694622,bajo,K97,21.0660472,2.437765959,0
81.70466827,6.23085765,16.66889645,1.055717509,medio,K97,18.03513462,2.257034573,1
72.47503517,4.993478685,16.09295449,1.037509695,medio,US05,14.37263335,2.008623167,0
30.34722654,5.59879439,12.94248799,1.051002298,medio,BE256,11.95604332,2.131921496,0
53.91760192,5.668340489,17.12719564,1.053044527,medio,US05,5,1.907585965,0
40.85519687,4.265826201,3.373507169,1.051310334,bajo,US05,13.32646031,2.403667065,0
44.02888418,5.081995556,7.902207455,1.040252191,medio,BE256,12.69595002,2.041000322,0
61.23425984,7.63541803,7.058786157,1.058011602,alto,BE256,18.6213,2.320331846,1
47.61753634,6.455822322,12.8859173,1.038908261,alto,BE256,13.38437909,2.811030556,0
52.24067325,7.05993263,5.799437042,1.058000505,bajo,K97,17.768369,2.759789872,1
81.1402116,7.277376938,13.0299806,1.061346474,alto,US05,15.0595328,2.390316932,1
34.52570906,5.083826628,15.48214458,1.056277018,medio,S04,10.24012868,2.373874582,0
27.41185499,6.410459145,12.7808116,1.054729348,alto,BE256,15.90660416,2.963962365,0
24.32786209,5.409762796,11.13500409,1.045497048,medio,BE256,20.86363052,2.556226836,0
10.50465116,4.13891209,6.048506636,1.044336075,medio,US05,13.60989847,2.301658062,0
70.84310695,6.40336997,6.612596135,1.051751851,alto,S04,15.31124429,1.972194565,0
23.45187451,5.697903273,14.99847562,1.04577838,alto,US05,17.80991263,2.518161965,0
36.68119565,4.556955979,13.11739602,1.050512423,medio,US05,10.75642426,2.648797132,0
35.8478005,4.520507033,9.843921922,1.047585862,bajo,BE256,15.46725617,2.210504543,0
39.83324233,7.807122597,8.328361817,1.058987379,medio,BE256,13.05545682,2.487360827,1
52.23605819,5.463184795,2,1.03884766,medio,K97,17.45929775,2.290928012,0
52.90710233,5.197292266,5.716590325,1.051133421,bajo,S04,14.60561219,2.34479028,0
31.25383842,5.311308673,17.64567635,1.047192211,bajo,S04,15.19380726,1.653653383,0
37.49317429,6.699957375,4.878177716,1.047234551,alto,BE256,10.86960561,2.333465579,0
44.23869926,6.071543152,10.75791928,1.053479319,bajo,BE256,16.82812944,2.690810791,0
36.26963311,5.190635591,14.02977589,1.055867211,medio,BE256,22.33885168,2.210579233,0
45.02468939,6.491036374,4.980309328,1.061898838,bajo,S04,15.25313863,2.41575791,1
47.36462427,3.967476096,10.7388419,1.048297006,medio,K97,12.64096397,2.173214788,0
51.02316679,5.39792705,13.75166215,1.052500715,bajo,S04,14.9264299,2.508132503,0
49.94321903,6.80930635,10.04999729,1.043215322,bajo,BE256,17.14562485,2.335043041,0
57.60210786,4.781954105,21.47361222,1.051115765,alto,BE256,11.76181486,2.118227538,0
42.71532338,4.152366071,3.325602964,1.05275943,alto,K97,5,2.79976544,0
20.54752078,4.347911111,14.23491412,1.053401151,bajo,US05,19.43675798,2.678679604,0
62.49678312,6.177580068,9.30879305,1.068043904,medio,US05,21.31223526,2.218527971,1
30.22964659,4.215238092,13.08768062,1.046193224,medio,S04,7.028209878,2.549336493,0
32.07074977,4.629491901,11.76522861,1.045608684,alto,US05,11.56972483,2.561223601,0
48.79546028,3.594432981,7.067375212,1.050499435,alto,US05,20.27272972,2.592690371,0
58.57424607,5.015618334,10.91598557,1.052403723,medio,S04,19.79118567,1.891723231,0
52.03504567,7.155190684,2.568394194,1.052834241,medio,BE256,17.25328415,2.701981962,1
50.6528921,7.825098265,12.41299,1.057376688,alto,US05,20.91625458,2.229090311,1
65.53322417,6.519283924,11.19263386,1.047512138,bajo,BE256,14.33194968,2.29265162,0
43.61129769,5.510792089,12.55464067,1.05574836,medio,S04,13.47629678,3.191364526,0
79.02524671,6.030580586,14.2324733,1.051482885,alto,BE256,18.51295913,2.490562014,0
48.48264468,4.342165446,11.47047936,1.056338258,alto,BE256,10.49663037,2.284103257,0
51.43880559,6.18074214,10.59235768,1.059243504,medio,S04,13.51387941,1.738411688,1
51.30012432,3.9080661,6.475726653,1.044214417,medio,BE256,18.04109835,2.81692924,0
67.07123335,7.874389181,7.151116945,1.062956746,medio,US05,18.07783302,1.996437099,1
59.34629131,5.17183934,14.74693848,1.042242439,medio,US05,19.51386942,2.098968329,0
69.49397727,7.193589911,15.74534162,1.059023048,medio,US05,16.30443983,2.30059431,1
37.92316024,3.824405394,9.047558255,1.055942984,medio,US05,13.78088656,2.824923538,0
21.63552646,4.104930158,10.18401099,1.059246811,alto,BE256,10.31034806,2.631971996,0
83.21257802,7.39046485,6.3815425,1.059964775,alto,US05,16.65902367,2.352648747,1
27.24219319,4.051651996,14.69102738,1.055814193,bajo,BE256,8.085812252,2.492487619,0
31.29214825,5.463206292,12.66166729,1.047099918,medio,K97,12.04946632,2.219884292,0
54.1844766,6.417241342,17.76486975,1.056357692,medio,BE256,17.18049334,2.441896107,1
64.28798086,4.561182842,6.486707691,1.061597623,medio,US05,18.12558346,2.422001023,1
45.92007295,3.767476685,8.487968404,1.052088404,bajo,K97,16.86635736,2.690630969,0
22.06175407,5.552299938,10.92578369,1.050537222,medio,S04,7.078949078,2.690153437,0
46.66904002,5.625630934,12.58595815,1.051936857,alto,BE256,19.33554298,2.548193215,0
57.9494723,4.303228182,9.13732945,1.051615927,medio,US05,23.98966051,2.291295733,0
30.85325644,5.582026567,6.508155638,1.056419084,alto,US05,14.18402555,2.622546688,0
37.9897425,5.260442263,13.52563012,1.056474928,alto,US05,11.43554296,2.37240946,0
40.22032292,4.461158144,12.88454145,1.052721102,bajo,S04,25.29732236,2.075425689,0
28.2265253,3.991445316,6.334903598,1.054229014,bajo,K97,8.724126007,2.279013662,0
49.72420651,3.037374308,15.4217712,1.052570313,alto,K97,14.08042587,2.425358095,0
38.18577777,5.349650047,14.68079484,1.047694151,alto,US05,14.71848909,2.673064735,0
46.29298666,3.435197229,10.53718599,1.053782823,bajo,BE256,19.38059048,2.344941548,0
26.68761733,5.095344199,10.31839145,1.043027525,bajo,US05,15.4389559,2.037240387,0
33.4381255,4.736551784,12.21623108,1.055269458,bajo,US05,12.00546442,2.417022505,0
50.83572037,5.679142775,6.553187719,1.044027385,alto,BE256,10.19526252,2.434036812,0
52.03696841,7.601206749,10.12012592,1.060877681,bajo,US05,18.54369827,2.455751289,1
65.90445777,4.670552214,2,1.04577423,medio,S04,9.972290556,2.675961455,0
34.00545722,5.731870704,13.50582258,1.052766945,alto,US05,14.19130128,2.705676972,0
43.37027089,5.335058029,3.75402711,1.049830374,bajo,S04,11.74321528,2.221736738,0
53.98886248,5.316155957,16.01367931,1.04202622,medio,US05,8.023848827,2.215156963,0
18.72451401,5.46926759,8.679519624,1.052103498,bajo,K97,19.02058315,2.087940387,0
13.58786782,3.464427877,9.153332072,1.047110396,alto,BE256,12.00930991,2.609644701,0
17.11515528,5.75678868,7.489064376,1.054405734,bajo,K97,8.92745278,2.834646033,0
58.93876155,5.612468794,8.847844504,1.050006628,medio,US05,13.32696346,2.305475422,0
31.72212781,3.983316871,15.67412538,1.051977105,medio,US05,14.27348626,2.327570831,0
67.60911047,7.30047436,2,1.062912857,bajo,S04,15.17690607,2.840034767,1
31.53628602,4.960692712,15.10786154,1.047053339,bajo,US05,15.32659067,2.551667356,0
42.76826955,4.865503216,11.35209392,1.047706807,medio,US05,9.811369725,2.530870711,0
63.13164929,5.333859967,5.171913409,1.054283512,bajo,US05,20.84411524,2.042725048,0
69.73064831,6.924235713,5.698750428,1.065008159,alto,K97,16.61632268,2.603618421,1
70.92255365,6.081766728,16.70557211,1.045974141,alto,S04,12.40040004,2.121259098,0
58.12549346,3.687780807,6.21797248,1.055384241,medio,K97,11.01932892,2.059793944,0
55.36093789,5.62206999,5.386597958,1.039151613,medio,S04,13.58012917,2.295968527,0
47.74596494,7.817889658,14.54925817,1.061898198,medio,K97,18.27228908,2.224262183,1
65.53009963,7.376409526,11.35421151,1.057219406,alto,US05,22.11507597,2.333520092,1
31.73221426,6.090980425,6.248297694,1.043237457,medio,K97,13.13136477,1.96770551,0
27.72701675,7.012270446,10.8664999,1.042082058,bajo,K97,14.23348116,2.687644892,0
39.94938314,6.023709546,5.896989265,1.052064995,bajo,S04,11.58456428,2.738305888,0
37.44723066,5.249308596,14.40328559,1.048929662,medio,S04,12.62717629,1.815797258,0
33.20157926,6.045088474,14.24548386,1.051897027,medio,K97,5.656830244,2.693537342,0
50.44581171,5.144887833,12.1280248,1.053452363,medio,S04,17.89490492,2.156841411,0
71.19380349,7.638391926,11.44664424,1.052965925,bajo,S04,18.18431689,2.657092661,1
41.32610329,4.648585764,17.0447525,1.053288816,alto,S04,10.90617662,2.379466052,0
62.16295122,6.563413359,9.99874531,1.049652339,bajo,BE256,21.59493993,2.408632669,0
22.87466329,4.181571334,5.272503498,1.044065033,bajo,S04,14.34806592,2.344470705,0
37.09510811,6.532367725,11.79789565,1.055289071,medio,BE256,9.855425712,2.763638761,0
29.24766519,5.499864124,18.3441882,1.047054439,bajo,BE256,17.42694969,2.028123596,0
12.00195074,3.600693825,5.940962027,1.045322019,medio,S04,15.59219287,2.582352102,0
38.75978971,5.367649293,8.554148933,1.049110411,medio,K97,15.57831994,2.730399049,0
38.17378737,2.899973492,11.66578415,1.045435945,medio,S04,12.29697758,2.614902024,0
62.70174615,5.625508017,9.784380604,1.047912848,medio,US05,15.8019829,3.097409674,0
49.46217527,5.885231483,6.070785678,1.05172027,bajo,K97,12.95296684,2.241315971,0
53.30349578,4.437666341,14.48743142,1.064747973,bajo,BE256,11.6702881,2.687191447,1
67.8113885,5.123547696,19.28016289,1.04551085,alto,BE256,6.380222184,2.368172809,0
58.31550543,6.954157434,10.78452584,1.047561473,medio,K97,12.26450615,2.770021823,0
44.60227051,7.784604288,6.383726841,1.061121174,medio,K97,16.25537823,2.397693301,1
36.60273852,3.941092413,3.8041579,1.052482001,bajo,S04,10.93173018,2.283637265,0
49.49818778,6.737109171,11.03190392,1.051942163,medio,BE256,17.72146619,2.791821661,1
34.41689836,6.962587191,14.41550937,1.055900641,medio,US05,12.20815465,2.252531418,0
37.15219643,7.547119115,11.90067099,1.058318065,medio,S04,15.26546287,1.976182272,1
68.26879459,6.011463035,9.990384636,1.043060657,alto,K97,5.166876895,2.244945935,0
65.65817813,8.114321695,7.642913393,1.062312418,bajo,BE256,17.94291859,2.585709884,1
32.66725867,4.257515767,5.631345469,1.049734466,bajo,K97,14.5434377,2.817611625,0
59.01374608,7.718185726,13.33900531,1.060861272,alto,K97,18.3913087,2.433338813,1
42.1132937,6.230874513,13.65508649,1.050840077,alto,K97,13.42048575,2.79545912,0
13.47340952,6.685014279,3.817080853,1.054726058,bajo,S04,14.17216348,1.992547524,0
38.27979149,7.672861236,16.35935591,1.06443752,medio,US05,19.57053646,2.267020961,1
37.78596121,4.120185646,12.29628488,1.045607631,bajo,US05,13.23821526,2.313427465,0
33.00945247,6.987061112,15.59837858,1.053712295,bajo,BE256,11.70366969,2.365632172,0
16.07945399,4.469029102,4.631489006,1.046812062,medio,K97,12.87549806,2.425228316,0
47.7040016,4.664862219,4.536703378,1.051083416,bajo,US05,16.31738704,2.607273287,0
32.00948741,5.342337834,9.404122761,1.04848325,alto,K97,19.64810751,2.266557949,0
22.45124746,6.554160421,12.01113771,1.048905669,medio,BE256,11.48742504,2.441708606,0
51.53882054,5.532474734,17.18544329,1.056137156,bajo,K97,15.3638429,2.386463133,1
39.58727642,5.4148655,12.82431566,1.044799031,bajo,US05,15.35342977,2.122233029,0
66.58377395,5.46328853,9.029274893,1.059725975,alto,K97,10.02968797,2.365899993,0
69.75301767,7.173341664,5.894523169,1.057015129,bajo,US05,22.13552422,2.356902141,1
58.51236204,7.243953198,14.92000229,1.048048478,medio,BE256,16.37015957,2.35047583,1
30.96681909,2.470439922,6.141178297,1.051851059,medio,K97,6.923798785,2.409527837,0
47.03161384,4.703392541,16.51387422,1.052921571,medio,US05,15.46698563,2.422702062,0
25.02421841,5.241321935,8.862461402,1.049497621,medio,BE256,12.46450103,2.270311446,0
44.5268785,3.848985916,16.36232829,1.049713046,bajo,K97,14.80912163,2.78181442,0
51.49120418,5.386323318,12.71572516,1.05205275,bajo,BE256,13.92842009,2.049155811,0
58.40399836,4.795528779,9.452018042,1.048844653,bajo,US05,10.09439981,2.183708967,0
38.49768885,6.755475698,7.922414513,1.056965906,medio,K97,13.81898279,3.233989087,0
36.94489375,6.573019725,8.636368491,1.054196746,medio,K97,9.06759478,2.088602594,0
41.22690864,7.020886488,11.71326677,1.070920484,bajo,K97,20.07240681,1.993873598,1
81.65646906,7.230700906,10.30862598,1.062852536,bajo,BE256,15.88319596,2.620343024,1
36.60281662,4.926052434,7.624754368,1.049603058,medio,BE256,13.21685892,1.776864044,0
45.5104826,4.548340524,9.337474359,1.04849767,medio,US05,9.830913648,2.329417827,0
53.70376939,5.195024984,10.31430812,1.044971993,alto,S04,16.28168469,3.043747478,0
27.95231574,4.241717931,2,1.051800821,medio,K97,12.67427451,1.936519223,0
62.39032853,3.869384665,11.83267246,1.047311771,medio,K97,11.92533312,1.805410654,0
35.93314598,5.622711224,6.081115101,1.053277019,medio,US05,17.41280618,1.950245639,0
69.6408414,5.888542043,5.386670387,1.056341841,alto,K97,19.09204287,2.669507871,1
79.93728795,7.246504778,3.250622612,1.069452203,alto,BE256,9.70143985,2.737433016,1
62.94781755,7.498221748,2.824430009,1.060246542,medio,BE256,17.63217287,2.246223361,1
53.26068095,4.368422271,4.578209988,1.051096512,bajo,K97,8.380732224,2.604963721,0
51.05265846,5.253165238,7.163916169,1.053959297,bajo,K97,14.42883185,2.817076598,0
35.78008664,5.820344013,17.81303655,1.047146798,medio,BE256,12.72461458,2.936203924,0
49.85411547,6.189142489,7.896481296,1.06155555,alto,K97,15.98572152,2.326099416,1
87.01410649,5.742422141,10.71100043,1.050551754,medio,BE256,17.39754394,1.709558485,1
16.56181215,4.483570356,11.60192555,1.057260588,bajo,S04,14.82030136,2.153736323,0
32.06420984,4.803533417,10.52426074,1.050070746,alto,S04,7.50646988,2.271958742,0
51.91397019,4.794140569,9.690226157,1.047017943,alto,K97,21.55374776,2.322318361,0
21.18565865,4.253421653,5.218824946,1.048504091,bajo,K97,13.34303206,2.34364218,0
72.60965323,6.680152477,15.80371019,1.061737808,medio,K97,16.3414924,2.735668379,1
19.65127293,3.451381701,17.22878657,1.047077724,medio,BE256,10.65563332,2.782328528,0
46.99644974,4.508846253,3.269365224,1.046253212,alto,S04,15.23203961,2.348497904,0
39.46537777,4.715124507,5.903885636,1.048892317,alto,S04,8.788620946,2.729545463,0
53.21540521,5.392338973,8.88075863,1.062531205,medio,US05,12.79364807,2.50729841,1
23.6418101,7.184740579,6.14184882,1.067236528,medio,US05,10.58792607,2.419351792,1
36.24145765,9.023606219,12.02386221,1.062840516,alto,K97,17.50045246,2.671963247,1
27.84621344,5.479441518,7.08691119,1.054158084,medio,BE256,16.79189612,2.421675614,0
43.00853796,5.874517074,18.66022427,1.05104735,medio,K97,9.069838755,3.017343353,0
57.22956024,4.350234773,14.76219438,1.04507733,alto,S04,11.26203308,1.96847665,0
24.76267272,3.796799145,10.85029612,1.049970226,bajo,K97,15.82929712,2.24544873,0
59.28432966,8.372848475,14.10794505,1.05438253,medio,K97,19.47004164,2.362044331,1
46.4322475,4.512797079,14.4236017,1.049058693,alto,S04,13.44767066,2.531835807,0
42.62452966,8.533433701,7.744210048,1.049589506,alto,S04,10.17980492,2.780388146,1
82.55097453,5.576042848,6.735131022,1.062765746,medio,S04,16.52424224,2.39268043,1
34.49458241,3.703883336,10.31257225,1.054594574,bajo,S04,21.76898238,1.973331105,0
27.58614669,4.543879173,13.4465445,1.047701716,medio,US05,7.011113332,2.652754169,0
60.40328758,7.58855327,10.55624159,1.056126925,bajo,BE256,24.92467853,2.62648763,1
63.12574212,5.401875648,3.692014071,1.051554085,bajo,BE256,15.45836048,1.817442402,1
0,4.442576947,6.788702224,1.050981205,alto,S04,5,2.39885876,0
46.54839706,4.587002178,9.704108546,1.052728934,bajo,BE256,15.18984821,1.922957451,0
53.55902262,4.073301691,9.697337583,1.039142143,medio,BE256,14.55799118,2.200604671,0
44.97569985,7.189706168,17.89016871,1.049674585,medio,BE256,10.61370781,2.129157322,1
24.85403943,4.151571366,4.45604823,1.050790446,alto,BE256,13.57522364,2.642779409,0
49.28731392,5.573127813,12.02235697,1.048612279,medio,S04,26.39319774,2.435049052,0
70.86243205,3.214133508,15.95645243,1.056456369,bajo,K97,12.96729945,2.0143227,0
40.31190562,4.640370328,19.08579898,1.0521089,bajo,K97,16.04049745,2.664019789,0
29.07995588,5.301107339,8.382410307,1.05655096,medio,K97,11.40254072,1.969858253,0
37.25655338,5.183834516,11.96571781,1.048920197,medio,US05,15.1809303,2.499034137,0
60.62314629,7.693033664,12.27904143,1.054687387,medio,BE256,13.0470653,2.155796799,0
30.31053731,5.349800025,10.78192693,1.058175332,medio,S04,12.35792607,2.290296875,0
28.0121199,3.995945403,9.604619195,1.056558467,bajo,S04,21.27559413,2.551281224,0
32.75884717,4.904535753,11.74390156,1.044539292,medio,US05,18.70873985,2.55643482,0
65.90228078,7.472406278,2,1.062962836,medio,S04,21.30894443,2.801090722,1
41.84005474,4.919400251,12.72827796,1.048274176,bajo,K97,5,2.37532389,0
64.37017688,4.166943943,10.50471161,1.052446273,bajo,US05,12.55596311,2.491935259,0
75.74329073,6.686941969,9.110100413,1.057558631,bajo,S04,13.89652758,2.268678803,1
36.21469747,4.450459725,18.18744878,1.045805537,bajo,US05,13.07735333,2.454596965,0
35.62283097,4.883234084,7.300263925,1.050339193,medio,US05,18.41287029,2.531845814,0
16.55213787,4.364442159,8.387696044,1.039900363,bajo,S04,19.76776961,2.370507046,0
53.24664666,6.738851352,17.96621321,1.057209725,bajo,K97,14.87585566,1.858874855,0
38.83244204,4.678757234,6.671754781,1.047438129,bajo,S04,10.63271347,2.499441269,0
37.2928013,6.832557043,7.799538868,1.05027932,alto,BE256,5,2.509368443,0
87.89661352,5.814151762,9.411898306,1.048451751,alto,BE256,16.73665283,2.195947957,0
44.48129363,5.482066727,13.36293793,1.055730138,bajo,S04,10.74097599,2.014683889,0
28.72313425,5.368733147,10.83121003,1.035812468,medio,K97,14.70460181,2.842763745,0
33.60463606,5.393797298,4.829498611,1.049916948,bajo,BE256,9.000718642,2.547433653,0
57.22668564,3.072327421,7.871325747,1.049470906,medio,BE256,12.93904984,2.331275691,0
41.69905616,4.721116606,7.570582267,1.047731818,bajo,S04,14.13487622,2.058890135,0
18.42583033,5.845157971,9.691115819,1.058631133,medio,S04,15.07437432,2.153455551,0
59.63468112,7.744191971,11.70337463,1.050740786,medio,S04,17.10058778,2.790777119,1
29.97783872,3.594810153,11.67282302,1.053858981,alto,US05,18.7876438,2.441298582,0
68.09946664,4.947595549,2.895952984,1.051781264,bajo,US05,11.61242086,2.23482388,0
56.20072099,6.704105516,14.25576395,1.056307596,alto,US05,7.302122158,2.552906769,0
33.29017157,6.246891716,11.01027538,1.046664055,alto,S04,13.56390632,2.155680544,0
59.21524543,4.937995991,15.53812819,1.046335156,bajo,K97,14.13750124,2.850252909,0
69.20276959,5.133460049,11.77679331,1.067992691,medio,BE256,20.40085186,2.80584016,1
44.65811152,8.00751369,14.40529183,1.064010642,bajo,US05,21.83172822,2.260027779,1
47.27099226,3.296128413,11.86618125,1.042275313,bajo,K97,13.05420465,2.211398926,0
34.97123889,7.790625599,15.38490302,1.052918865,bajo,S04,20.02463062,1.61456004,1
30.34675252,6.562888769,12.08900254,1.051931913,medio,US05,9.587262475,1.955525769,0
55.44941226,4.726006918,9.608339014,1.054188821,medio,S04,17.28221401,1.998159068,0
34.97837002,4.756616021,19.08973888,1.046603847,alto,K97,14.73723626,2.440557102,0
83.60980145,7.730764119,13.55614849,1.064783516,bajo,US05,26.27290417,2.302129889,1
25.67316131,6.90413659,12.29497768,1.052616116,alto,US05,6.381301226,1.996399354,0
46.35398598,6.625958915,4.894782334,1.043898397,bajo,US05,19.77764878,2.315650787,0
70.93787379,7.218780233,4.84676953,1.039913306,alto,US05,9.089280142,2.551601144,0
23.98700629,4.84095479,11.17086193,1.03583837,medio,K97,11.63488796,2.558351805,0
40.36329185,5.295624489,10.58208479,1.054069904,bajo,US05,15.43337804,1.830098916,0
61.18330833,3.483357451,7.54350974,1.050643087,alto,BE256,9.213768286,2.361520956,0
38.80537913,6.476934426,10.5639308,1.048871718,medio,BE256,8.025960887,1.984997767,0
46.78557694,3.832220449,16.35450771,1.056945122,medio,S04,5.504209669,2.670518609,0
24.06409708,5.216775564,12.7816099,1.053186623,medio,US05,16.88398781,2.635243925,0
46.42460646,3.902697472,5.435965961,1.0580815,medio,BE256,11.81925502,2.130591832,0
37.19283602,4.411133173,9.553964691,1.043036323,medio,BE256,25.70908037,2.170186439,0
54.78594994,4.162737569,6.780134077,1.049827247,alto,BE256,10.02257974,2.261619885,0
82.14810525,6.810879609,8.449200334,1.059478286,bajo,K97,21.27749307,1.724161982,1
78.84345463,4.460877297,8.345537337,1.048853088,medio,US05,11.73842812,2.500790452,0
48.6944976,4.451731205,8.08941767,1.048756921,alto,K97,14.97253862,2.318146636,0
44.88694475,5.833333912,4.979458512,1.053133068,bajo,K97,12.11918664,2.691052525,0
42.91576452,3.895137207,9.489381274,1.050227819,bajo,BE256,16.44932886,2.070477235,0
34.70250561,5.220541427,7.757569453,1.053117036,alto,BE256,10.08564644,2.214263116,0
